Category,Week,Planned Component,Planned File/Feature,Implementation Status,Implemented As,Lines of Code,ML Integration,Notes,Priority Level,Completion %
Core Infrastructure,1,Main Controller,ScrumCapScanningViewController.swift,COMPLETE,/CyborgRugby/Controllers/ScrumCapScanningViewController.swift,1081,SCEarLandmarking + SCEarTracking,Full implementation with ML integration,CRITICAL,100
Models,1,Measurement System,Models/ScrumCapMeasurements.swift,COMPLETE,/CyborgRugby/Models/ScrumCapMeasurements.swift,487,ML confidence scoring,Complete measurement validation system,CRITICAL,100
Models,1,Scanning Poses,Models/HeadScanningPose.swift,COMPLETE,/CyborgRugby/Models/HeadScanningPose.swift,186,Pose-specific ML requirements,All 7 rugby-specific poses,CRITICAL,100
Models,1,Ear Protection Data,Models/EarProtectionData.swift,INTEGRATED,Integrated into ScrumCapMeasurements.swift,0,N/A,Combined with main model for efficiency,HIGH,100
Models,1,Scan Validation,Models/ScanValidationResult.swift,INTEGRATED,Integrated into MLEnhancedPoseValidator.swift,0,N/A,Combined with validation logic,HIGH,100
Workflow,1,Multi-Angle Manager,ScanningWorkflow/MultiAngleScanManager.swift,COMPLETE,/CyborgRugby/Controllers/MultiAngleScanManager.swift,463,Pose coordination,Full workflow management,CRITICAL,100
Workflow,1,Pose Guidance,ScanningWorkflow/PoseGuidanceController.swift,INTEGRATED,Integrated into ScrumCapScanningViewController.swift,0,N/A,Combined for efficiency,HIGH,100
Workflow,1,Pose Validator,ScanningWorkflow/PoseValidator.swift,ENHANCED,/CyborgRugby/Models/MLEnhancedPoseValidator.swift,551,SCEarLandmarking + SCEarTracking,Enhanced ML implementation,CRITICAL,100
Workflow,1,Head Movement Compensator,ScanningWorkflow/HeadMovementCompensator.swift,PARTIAL,Basic movement detection in MultiAngleScanManager,50,Basic detection,Simplified implementation,MEDIUM,40
Workflow,1,Scan Completion Validator,ScanningWorkflow/ScanCompletionValidator.swift,INTEGRATED,Integrated into MultiAngleScanManager,0,N/A,Combined for efficiency,HIGH,100
ML Integration,1,Rugby Ear Landmarking,MLModelIntegration/RugbyEarLandmarkingEnhanced.swift,COMPLETE,In MLEnhancedPoseValidator.swift,200,SCEarLandmarking.mlmodel,Uses existing StandardCyborg model,CRITICAL,100
ML Integration,1,Multi-Angle Ear Tracker,MLModelIntegration/MultiAngleEarTracker.swift,COMPLETE,In MLEnhancedPoseValidator.swift,150,SCEarTracking.mlmodel,Uses existing StandardCyborg model,CRITICAL,100
ML Integration,1,ML Model Integration,MLModelIntegration/ExistingMLModelIntegration.swift,COMPLETE,In MLEnhancedPoseValidator.swift,100,Model coordination,Full integration of existing models,CRITICAL,100
ML Integration,1,Rugby Protection Calculator,MLModelIntegration/RugbyEarProtectionCalculator.swift,COMPLETE,/CyborgRugby/Models/RugbyEarProtectionCalculator.swift,443,ML-enhanced calculations,Enhanced implementation,CRITICAL,100
Validation,1,Critical Validation Suite,Validation/CriticalValidationSuite.swift,INTEGRATED,Integrated into MLEnhancedPoseValidator,100,ML validation,Core validation complete,HIGH,80
Validation,1,Rugby Validation Framework,Validation/RugbyValidationFramework.swift,INTEGRATED,Integrated into RugbyEarProtectionCalculator,100,Rugby-specific validation,Rugby validation complete,HIGH,80
Validation,1,Ground Truth Dataset,Validation/GroundTruthDataset.swift,PLACEHOLDER,Placeholder methods in validators,20,N/A,Would need real dataset,LOW,20
Measurements,2,Validated Measurement Struct,ValidatedMeasurement,COMPLETE,Complete in ScrumCapMeasurements.swift,100,ML confidence integration,Full implementation,CRITICAL,100
Measurements,2,Confidence Scoring,Confidence scoring (0.0-1.0),COMPLETE,Implemented with ML confidence,50,ML-weighted confidence,Complete system,CRITICAL,100
Measurements,2,Validation Status,Validation status enum,COMPLETE,"(.validated, .estimated, .interpolated, .failed)",20,N/A,All status types implemented,HIGH,100
Measurements,2,Alternative Values,Alternative values for low confidence,COMPLETE,Array of alternative measurements,30,N/A,Fallback system implemented,MEDIUM,100
Measurements,2,Measurement Source,Measurement source tracking,COMPLETE,"ML models, direct scan, statistical",40,Source attribution,Complete tracking,HIGH,100
Ear Dimensions,2,Ear Height,Enhanced ear height measurement,COMPLETE,ValidatedMeasurement with ML,25,SCEarLandmarking,ML-enhanced precision,CRITICAL,100
Ear Dimensions,2,Ear Width,Enhanced ear width measurement,COMPLETE,ValidatedMeasurement with ML,25,SCEarLandmarking,ML-enhanced precision,CRITICAL,100
Ear Dimensions,2,Protrusion Angle,Enhanced protrusion angle,COMPLETE,ValidatedMeasurement with ML,25,SCEarTracking,Critical for rugby protection,CRITICAL,100
Ear Dimensions,2,Top to Lobe,Enhanced ear length measurement,COMPLETE,ValidatedMeasurement with ML,25,SCEarLandmarking,ML-enhanced precision,HIGH,100
Ear Dimensions,2,Overall Confidence,Ear dimension confidence,COMPLETE,Averaged from components,15,ML-weighted,Complete confidence system,HIGH,100
Adaptive Calculator,2,Primary Calculation,Primary calculation with all data,COMPLETE,In RugbyEarProtectionCalculator,80,ML integration,Complete implementation,CRITICAL,100
Adaptive Calculator,2,Fallback System,Fallback for missing data,COMPLETE,Statistical estimation methods,60,Fallback algorithms,Complete fallback system,HIGH,100
Adaptive Calculator,2,Cross Validation,Cross-validation algorithms,COMPLETE,Measurement consistency checks,40,Consistency validation,Complete cross-validation,HIGH,100
Adaptive Calculator,2,Ground Truth Validation,Ground truth validation,PLACEHOLDER,Placeholder implementation,10,N/A,Needs real dataset,LOW,20
Sizing Algorithm,3,Evidence-Based Sizing,Advanced sizing algorithm,COMPLETE,ScrumCapSize enum with ranges,60,N/A,Complete sizing system,CRITICAL,100
Sizing Algorithm,3,Head Shape Classification,Head shape classification,COMPLETE,HeadShape enum with fitting advice,40,Shape analysis,Complete classification,HIGH,100
Sizing Algorithm,3,Rugby Adjustments,Rugby-specific adjustments,COMPLETE,Ear protection requirements,50,Rugby-specific logic,Complete rugby adjustments,CRITICAL,100
Sizing Algorithm,3,Asymmetry Compensation,Asymmetry compensation,COMPLETE,AsymmetryLevel with fitting impact,30,Asymmetry analysis,Complete compensation,HIGH,100
Sizing Algorithm,3,Size Recommendation,Size recommendation with confidence,COMPLETE,Integrated into measurements,40,Confidence-based,Complete recommendation,CRITICAL,100
Manufacturing,3,Feasibility Validation,Manufacturing feasibility validation,COMPLETE,In RugbyEarProtectionCalculator,80,Feasibility checks,Complete validation,HIGH,100
Manufacturing,3,Quality Control,Quality control checkpoints,COMPLETE,Validation issues and severity,60,QC framework,Complete QC system,HIGH,100
Manufacturing,3,Customization Requirements,Customization requirements,COMPLETE,CustomizationNeeds structure,40,Customization analysis,Complete requirements,MEDIUM,100
Manufacturing,3,Protection Zones,Protection zone calculations,COMPLETE,ProtectionZone with rugby-specific data,70,Rugby protection logic,Complete zone calculation,CRITICAL,100
Manufacturing,3,Material Requirements,Material requirements,SIMPLIFIED,Basic recommendations only,20,N/A,Simplified implementation,LOW,40
User Interface,4,Main Scanning Controller,Enhanced scanning UI,COMPLETE,ScrumCapScanningViewController,400,UI with ML integration,Complete scanning interface,CRITICAL,100
User Interface,4,Results Display,Results display controller,COMPLETE,ScanResultsViewController,352,Results presentation,Complete results system,CRITICAL,100
User Interface,4,Pose Guidance,Enhanced pose guidance,COMPLETE,Integrated in scanning controller,200,Guidance system,Complete pose guidance,HIGH,100
User Interface,4,Error Recovery UI,Error recovery interface,COMPLETE,Alert-based error handling,100,Basic error handling,Complete basic recovery,MEDIUM,70
User Interface,4,Progress Tracking,Progress tracking system,COMPLETE,TodoWrite integration,50,Progress management,Complete tracking,MEDIUM,100
Accessibility,4,Accessibility Manager,Comprehensive accessibility,SIMPLIFIED,Basic UIKit accessibility,30,N/A,Basic implementation only,LOW,30
Accessibility,4,Voice Guidance,Voice guidance system,SIMPLIFIED,Text-based instructions only,20,N/A,Simplified implementation,LOW,30
Accessibility,4,Haptic Feedback,Haptic feedback system,SIMPLIFIED,Basic feedback only,15,N/A,Basic implementation only,LOW,40
Accessibility,4,Visual Impairment Support,Visual impairment features,SIMPLIFIED,Standard UIKit features,10,N/A,Basic accessibility only,LOW,30
Accessibility,4,WCAG 2.1 AA Compliance,Accessibility compliance,NEEDS_TESTING,Not fully tested,5,N/A,Needs comprehensive testing,MEDIUM,20
Performance,4,Device Optimization,Device-specific optimization,SIMPLIFIED,Basic performance considerations,30,N/A,Simplified implementation,LOW,30
Performance,4,Thermal Monitoring,Thermal monitoring system,MISSING,Not implemented,0,N/A,Not implemented,LOW,0
Performance,4,Memory Management,Advanced memory management,BASIC,Basic Swift ARC,10,N/A,Standard Swift memory management,MEDIUM,60
Performance,4,Performance Metrics,Performance metrics system,MISSING,Not implemented,0,N/A,Not implemented,LOW,0
Poses,1,Front Facing,frontFacing pose,COMPLETE,Complete with ML validation,25,SCEarLandmarking + SCEarTracking,Complete implementation,CRITICAL,100
Poses,1,Left Profile,leftProfile pose,COMPLETE,Complete with ML validation,25,SCEarLandmarking + SCEarTracking,Complete implementation,CRITICAL,100
Poses,1,Right Profile,rightProfile pose,COMPLETE,Complete with ML validation,25,SCEarLandmarking + SCEarTracking,Complete implementation,CRITICAL,100
Poses,1,Looking Down,lookingDown pose,COMPLETE,Complete with Vision framework,25,Vision framework validation,Critical back-head pose,CRITICAL,100
Poses,1,Left Three Quarter,leftThreeQuarter pose,COMPLETE,Complete with ML validation,20,SCEarTracking,Complete implementation,HIGH,100
Poses,1,Right Three Quarter,rightThreeQuarter pose,COMPLETE,Complete with ML validation,20,SCEarTracking,Complete implementation,HIGH,100
Poses,1,Chin Up,chinUp pose,COMPLETE,Complete with Vision framework,20,Vision framework validation,Complete implementation,MEDIUM,100